aid,reply
114763472310225,"{'rpid': 267033354912, 'oid': 267033354912, 'mid': 499010944, 'count': 0, 'rcount': 0, 'ctime': 1751163022, 'like': 117, 'message': 'å›½å®¶å’Œæ”¿åºœï¼Œäººæ°‘å­å¼Ÿå…µéƒ½åœ¨åŠªåŠ›çš„æ•‘æ´å’Œé‡å»ºï¼Œè¿˜æœ‰å¤§é‡çš„åŸºå±‚å¹²éƒ¨å¥‹æˆ˜åœ¨ä¸€çº¿ï¼Œè¯·ç›¸ä¿¡è¿™äº›æœ€å¯çˆ±çš„äººï¼Œç¾éš¾ç»ˆå°†è¿‡å»ï¼Œå¸Œæœ›å®šä¼šåˆ°æ¥ã€‚è‡´æ•¬ä¸ºè¿™åœºå¤©ç¾ä»˜å‡ºçˆ±å¿ƒå’Œè¡ŒåŠ¨çš„æ‰€æœ‰äººï¼Œç¥ç¦æ¦•æ±Ÿï¼ŒåŠ æ²¹æ¦•æ±Ÿï¼'}"
114763472310225,"{'rpid': 265940006033, 'oid': 265940006033, 'mid': 641956085, 'count': 0, 'rcount': 0, 'ctime': 1751153509, 'like': 141, 'message': 'è¿™ä¹ˆå¤šæ—…æ¸¸æˆ·å¤–åšä¸»å¥½åƒåªæœ‰ä½ å…³æ³¨è¿™ä¸ªäº‹'}"
114763472310225,"{'rpid': 265949486721, 'oid': 265949486721, 'mid': 44610170, 'count': 0, 'rcount': 0, 'ctime': 1751162967, 'like': 17, 'message': 'æ¦•æ±Ÿäººæ°‘è°¢è°¢ä½ [ç»™å¿ƒå¿ƒ]'}"
114763472310225,"{'rpid': 267023778960, 'oid': 267023778960, 'mid': 19519912, 'count': 0, 'rcount': 0, 'ctime': 1751153632, 'like': 29, 'message': 'äºšå½“ä½ [æ”¯æŒ]'}"
114763472310225,"{'rpid': 267023019792, 'oid': 267023019792, 'mid': 393448801, 'count': 2, 'rcount': 2, 'ctime': 1751152460, 'like': 24, 'message': 'https://b23.tv/BV1rBx5eeEeE'}"
114763472310225,"{'rpid': 265939841089, 'oid': 265939841089, 'mid': 1973293366, 'count': 0, 'rcount': 0, 'ctime': 1751153164, 'like': 7, 'message': 'You are so kind'}"
114763472310225,"{'rpid': 267042178944, 'oid': 267042178944, 'mid': 15452338, 'count': 3, 'rcount': 2, 'ctime': 1751168747, 'like': 3, 'message': 'è¿™æ¶ˆæ¯æˆ‘å±…ç„¶å¾—ä»å›½é™…å‹äººçš„è§†é¢‘é‡ŒçŸ¥é“ã€‚ã€‚ã€‚'}"
114763472310225,"{'rpid': 265940393377, 'oid': 265940393377, 'mid': 87568457, 'count': 0, 'rcount': 0, 'ctime': 1751154211, 'like': 6, 'message': 'you are a good guy[ç»™å¿ƒå¿ƒ]'}"
114763472310225,"{'rpid': 265941630561, 'oid': 265941630561, 'mid': 7976775, 'count': 1, 'rcount': 1, 'ctime': 1751155908, 'like': 20, 'message': 'å¤©å‘ï¼Œå¥½ææ€–ï¼Œæˆ‘æ‰çŸ¥é“æœ‰è¿™ç§äº‹ï¼Œè¿™å¾—æœ‰å¤šå°‘å®¶åº­ç ´ç¢å•Šï¼Œéƒ½æ·¹åˆ°é«˜æ¶æ¡¥äº†ï¼å¸Œæœ›æ›´å¤šäººè·æ•‘å¸Œæœ›æ›´å¿«æ•‘ç¾æ¢å¤æ­£å¸¸'}"
114763472310225,"{'rpid': 267377202512, 'oid': 267377202512, 'mid': 15001536, 'count': 0, 'rcount': 0, 'ctime': 1751442030, 'like': 0, 'message': 'æ²¡äº‹çš„ï¼æ”¿åºœåŠäº‹æ†æ†çš„ï¼Œç¦å»ºçœçš„äººï¼Œæœ‰æ¬¡åœ¨äºŒæ¥¼ç¡è§‰è¢«æ°´æ³¡é†’ï¼Œæ²¡ç­‰å¤šä¹…å°±è¢«å°èˆ¹æ…¢æ…¢æ•‘å‡ºå»äº†ï¼Œé¡ºæ‰‹è¿˜æäº†ä¸€åªæŒºå¤§çš„é±¼ï¼å¤§å®¶æŒºæ¬¢ä¹çš„ï¼å¾—æ•‘åï¼Œå¤§å®¶éƒ½å‚ä¸å¸®å¿™ï¼[ç¬‘å“­][ç¬‘å“­][ç¬‘å“­]'}"
114763472310225,"{'rpid': 265942792625, 'oid': 265942792625, 'mid': 4917459, 'count': 3, 'rcount': 3, 'ctime': 1751157298, 'like': 8, 'message': 'è€å“¥ä½ è¿™æ•°æ®æœ‰é—®é¢˜å§â€¦æ°´æ·± 250m é‚£æ˜¯åœ¨æ¹–åº•å§'}"
114763472310225,"{'rpid': 265970372993, 'oid': 265970372993, 'mid': 695150485, 'count': 0, 'rcount': 0, 'ctime': 1751176052, 'like': 2, 'message': 'ä¸­åœ‹äººæ„Ÿè¬ä½ å…³æ€€åŠç¥ç¦ï¼ç¥æ„¿å¤§å®¶éƒ½å¹³å®‰ï¼æ´ªæ°´æ—©é€€ï¼Œç™¾å§“æ—©æ—¥é‡è¿‡æ­£å¸¸ç”Ÿæ´»ï¼è‡´æ•¬åŠªåŠ›æ‹¯æ•‘å’Œå¾Œæ´çš„æ‰€æœ‰äººå‘˜åŠè‡ªé¡˜è€…[ç¦][ç¦][ç¦][ç»™å¿ƒå¿ƒ][ç»™å¿ƒå¿ƒ][ç»™å¿ƒå¿ƒ][åŠ æ²¹][åŠ æ²¹][åŠ æ²¹]'}"
114763472310225,"{'rpid': 267051298608, 'oid': 267051298608, 'mid': 3546735257323640, 'count': 0, 'rcount': 0, 'ctime': 1751173887, 'like': 2, 'message': 'ç¥å¹³å®‰ï¼æ—©æ—¥å¾©åŸ'}"
114763472310225,"{'rpid': 267024851440, 'oid': 267024851440, 'mid': 8641242, 'count': 0, 'rcount': 0, 'ctime': 1751155274, 'like': 5, 'message': 'å¥½æ ·çš„[ç‚¹èµ]'}"
114763472310225,"{'rpid': 265982316897, 'oid': 265982316897, 'mid': 200038260, 'count': 0, 'rcount': 0, 'ctime': 1751184581, 'like': 2, 'message': 'å»å¹´æš‘å‡å¸¦å°å­©å»çš„æ¦•æ±Ÿï¼Œå¾ˆå¥½çš„åœ°æ–¹ï¼Œç¾é£Ÿã€ä¾—å¯¨ã€æ‘è¶…ä»¥åŠæ‚ é—²çš„å½“åœ°äººç»™æˆ‘ç•™ä¸‹æ·±åˆ»å°è±¡ï¼Œåƒä½ç©éƒ½å¾ˆå®æƒ ï¼Œå¸Œæœ›éƒ½èµ¶ç´§å¥½èµ·æ¥ã€‚'}"
114763472310225,"{'rpid': 267037913456, 'oid': 267037913456, 'mid': 1642900843, 'count': 0, 'rcount': 0, 'ctime': 1751166153, 'like': 3, 'message': 'è°¢è°¢ä½ '}"
114763472310225,"{'rpid': 265941561953, 'oid': 265941561953, 'mid': 377468987, 'count': 0, 'rcount': 0, 'ctime': 1751155702, 'like': 4, 'message': 'å¤ªå¥½äº†å§'}"
114763472310225,"{'rpid': 265985485121, 'oid': 265985485121, 'mid': 32516170, 'count': 0, 'rcount': 0, 'ctime': 1751186728, 'like': 1, 'message': 'æ›¿æ¦•æ±Ÿäººæ°‘è°¢è°¢ä½ '}"
114763472310225,"{'rpid': 266013167121, 'oid': 266013167121, 'mid': 6543072, 'count': 0, 'rcount': 0, 'ctime': 1751203771, 'like': 1, 'message': 'å”‰ï¼Œè™½ç„¶æœ‰æ¥è‡ªå„åœ°çš„äººåŠ›æ”¯æ´å’Œç‰©èµ„æ”¯æ´ï¼Œä½†æ˜¯æ’æ°´é—®é¢˜è¿˜æ˜¯å°½äººäº‹å†çœ‹å¤©ï¼Œè¿™æ¬¡æ´ªç¾æ˜¯åœ°ç†ç¯å¢ƒï¼ˆç›†åœ°ã€æ²³æµã€å…¥æ°´å£å¤šï¼Œå‡ºæ°´å£å°‘ï¼‰å’Œå¤©æ°”ï¼ˆæš´é›¨ï¼‰åŒé‡å¯¼è‡´ï¼Œæ‰€ä»¥æŒºæ²¡åŠæ³•'}"
114763472310225,"{'rpid': 265973331665, 'oid': 265973331665, 'mid': 1693238686, 'count': 0, 'rcount': 0, 'ctime': 1751178075, 'like': 1, 'message': 'æ„Ÿè°¢æ‚¨ï¼Œå–„è‰¯çš„å›½é™…å‹äººï¼Œåˆ«æ‹…å¿ƒï¼Œæˆ‘ä»¬æœ‰èƒ½åŠ›åœ¨æœ€çŸ­æ—¶é—´å†…é‡å»ºå®¶å›­ï¼Œæ¬¢è¿æ‚¨ä¸‹æ¬¡å†æ¥è´µå·è¸¢çƒ[ç»™å¿ƒå¿ƒ]'}"
114763472310225,"{'rpid': 266016685041, 'oid': 266016685041, 'mid': 17170564, 'count': 0, 'rcount': 0, 'ctime': 1751205804, 'like': 1, 'message': 'è¿™ä¸ªä¸Šé¢çš„è´¦æˆ·åº”è¯¥æ˜¯çœŸçš„å§ï¼å¸Œæœ›æè¿›å»çš„é’±éƒ½ç”¨äºæ•‘æ´äº†'}"
114763472310225,"{'rpid': 267466371552, 'oid': 267466371552, 'mid': 477218329, 'count': 0, 'rcount': 0, 'ctime': 1751518126, 'like': 0, 'message': 'æ„Ÿè°¢å‹äºº[æŠ±æ‹³]'}"
114763472310225,"{'rpid': 267293570848, 'oid': 267293570848, 'mid': 2322623, 'count': 0, 'rcount': 0, 'ctime': 1751370448, 'like': 0, 'message': '[æ‰“call][æ‰“call][æ‰“call]'}"
114763472310225,"{'rpid': 267193324272, 'oid': 267193324272, 'mid': 600029609, 'count': 0, 'rcount': 0, 'ctime': 1751285283, 'like': 0, 'message': 'è°¢è°¢ä½ ï¼'}"
114763472310225,"{'rpid': 266207040449, 'oid': 266207040449, 'mid': 3546828079368199, 'count': 0, 'rcount': 0, 'ctime': 1751372796, 'like': 0, 'message': 'thank you !'}"
114763472310225,"{'rpid': 266249409361, 'oid': 266249409361, 'mid': 3546380886870853, 'count': 1, 'rcount': 1, 'ctime': 1751415435, 'like': 0, 'message': 'åŒèƒä»¬ä¿æŠ¤å¥½è‡ªå·±ï¼'}"
114763472310225,"{'rpid': 266097102625, 'oid': 266097102625, 'mid': 271211479, 'count': 0, 'rcount': 0, 'ctime': 1751280466, 'like': 0, 'message': 'è°¢è°¢å•¦ã€‚'}"
114763472310225,"{'rpid': 267352896560, 'oid': 267352896560, 'mid': 3546390558935419, 'count': 0, 'rcount': 0, 'ctime': 1751425550, 'like': 0, 'message': '@[æ”¯æŒ][æ‹¥æŠ±]'}"
114763472310225,"{'rpid': 266182081569, 'oid': 266182081569, 'mid': 553930173, 'count': 0, 'rcount': 0, 'ctime': 1751356997, 'like': 0, 'message': 'æ¦•æ±ŸåŠ æ²¹ï¼æˆ‘ä»¬ä¸­å›½äººæœ‰å¥å¤è¯â€œäººå®šèƒœå¤©â€ï¼Œæˆ‘ä»¬ä¼šå›¢ç»“åœ¨ä¸€èµ·ï¼Œæ²¡æœ‰ä»€ä¹ˆèƒ½æ‰“è´¥æˆ‘ä»¬ã€‚æ·¹ä¸€æ¬¡ï¼Œé‡å»ºä¸€æ¬¡ï¼Œå†æ·¹ï¼Œå†é‡å»º[å¥‹æ–—]ï¼'}"
114763472310225,"{'rpid': 266104005185, 'oid': 266104005185, 'mid': 307773656, 'count': 0, 'rcount': 0, 'ctime': 1751284435, 'like': 0, 'message': '[æ”¯æŒ][æ”¯æŒ]'}"
114763472310225,"{'rpid': 265941400817, 'oid': 265941400817, 'mid': 620146175, 'count': 0, 'rcount': 0, 'ctime': 1751155680, 'like': 1, 'message': '[è„±å•doge]'}"
114763472310225,"{'rpid': 266017852273, 'oid': 266017852273, 'mid': 2297783, 'count': 0, 'rcount': 0, 'ctime': 1751206421, 'like': 0, 'message': 'è°¢è°¢ä½ [æ¡ƒæº_ç¼˜åˆ†]'}"
114763472310225,"{'rpid': 267261480320, 'oid': 267261480320, 'mid': 21937412, 'count': 1, 'rcount': 0, 'ctime': 1751348751, 'like': 0, 'message': 'ä¸Šå‘¨å’ŒåŒäº‹ä¸€èµ·åœ¨çº¢åå­—æäº†ä¸€å°ç‚¹ï¼Œå¸Œæœ›è´µå·æ—©æ—¥åº¦è¿‡éš¾å…³'}"
114763472310225,"{'rpid': 266038355233, 'oid': 266038355233, 'mid': 26014482, 'count': 0, 'rcount': 0, 'ctime': 1751223207, 'like': 0, 'message': 'Thank you for everything you done for ğŸ‡¨ğŸ‡³'}"
114763472310225,"{'rpid': 266063667025, 'oid': 266063667025, 'mid': 423802689, 'count': 0, 'rcount': 0, 'ctime': 1751257344, 'like': 0, 'message': 'è°¢è°¢ä½ [æ‰“call]'}"
114763472310225,"{'rpid': 267026478704, 'oid': 267026478704, 'mid': 270608009, 'count': 0, 'rcount': 0, 'ctime': 1751157252, 'like': 1, 'message': '[æ”¯æŒ]'}"
114763472310225,"{'rpid': 267045290704, 'oid': 267045290704, 'mid': 3546389684422710, 'count': 0, 'rcount': 0, 'ctime': 1751170530, 'like': 1, 'message': 'è°¢è°¢upå¯¹è´µå·æ¦•æ±Ÿçš„æ”¯æŒ[å¤§å“­][å¤§å“­][çˆ±å¿ƒ][çˆ±å¿ƒ]'}"
114763472310225,"{'rpid': 267025469136, 'oid': 267025469136, 'mid': 543168913, 'count': 0, 'rcount': 0, 'ctime': 1751155984, 'like': 1, 'message': 'æ„Ÿè°¢ä½ ï¼äºšå½“'}"
114763472310225,"{'rpid': 265970826561, 'oid': 265970826561, 'mid': 695150485, 'count': 0, 'rcount': 0, 'ctime': 1751176308, 'like': 0, 'message': 'Many thanks for your warm heart, Adam! May all the lovely citizens there be safe and restore their normal life quickly! Highest respect to all those including volunteers involved in the rescue![ç¦][ç¦][ç¦][ç»™å¿ƒå¿ƒ][ç»™å¿ƒå¿ƒ][ç»™å¿ƒå¿ƒ][åŠ æ²¹][åŠ æ²¹][åŠ æ²¹]'}"
114763472310225,"{'rpid': 265951234113, 'oid': 265951234113, 'mid': 436109389, 'count': 0, 'rcount': 0, 'ctime': 1751164261, 'like': 0, 'message': 'è°¢è°¢ï¼'}"
114763472310225,"{'rpid': 267023963360, 'oid': 267023963360, 'mid': 475798122, 'count': 0, 'rcount': 0, 'ctime': 1751154140, 'like': 1, 'message': 'äºšå½“[æ”¯æŒ]'}"
114763472310225,"{'rpid': 266045549729, 'oid': 266045549729, 'mid': 19307997, 'count': 0, 'rcount': 0, 'ctime': 1751241846, 'like': 0, 'message': 'è°¢è°¢ä½ å…³æ³¨è¿™ä»¶äº‹[æ‰“call][æ‰“call]'}"
114763472310225,"{'rpid': 267039596128, 'oid': 267039596128, 'mid': 33392933, 'count': 0, 'rcount': 0, 'ctime': 1751167236, 'like': 0, 'message': 'è°¢è°¢ä½ '}"
114763472310225,"{'rpid': 267033884672, 'oid': 267033884672, 'mid': 3546735917926608, 'count': 0, 'rcount': 0, 'ctime': 1751163307, 'like': 0, 'message': 'å¥½äººä¸€ç”Ÿå¹³å®‰'}"
114763472310225,"{'rpid': 265962625249, 'oid': 265962625249, 'mid': 3493092848044780, 'count': 0, 'rcount': 0, 'ctime': 1751171512, 'like': 0, 'message': '[æ‰“call][æ‰“call][æ‰“call][æ‰“call][æ‰“call]è°¢è°¢ä½ å•Šå•Šå•Š'}"
114763472310225,"{'rpid': 267038260672, 'oid': 267038260672, 'mid': 26369723, 'count': 0, 'rcount': 0, 'ctime': 1751166337, 'like': 0, 'message': 'æ„Ÿè°¢æ„Ÿè°¢ï¼[å¥‹æ–—]'}"
114763472310225,"{'rpid': 267029797872, 'oid': 267029797872, 'mid': 12117846, 'count': 0, 'rcount': 0, 'ctime': 1751160199, 'like': 0, 'message': '[æ”¯æŒ][æ”¯æŒ][æ”¯æŒ]'}"
114763472310225,"{'rpid': 267062677888, 'oid': 267062677888, 'mid': 1032595305, 'count': 0, 'rcount': 0, 'ctime': 1751181333, 'like': 0, 'message': 'æˆ‘ä»¬ä¼šä¸€èµ·åŠªåŠ›åº¦è¿‡éš¾å…³ï¼Œè°¢è°¢æ‚¨'}"
114763472310225,"{'rpid': 265947711921, 'oid': 265947711921, 'mid': 382250251, 'count': 0, 'rcount': 0, 'ctime': 1751161664, 'like': 0, 'message': '[æ”¯æŒ][æ”¯æŒ][æ”¯æŒ]'}"
114763472310225,"{'rpid': 266005175777, 'oid': 266005175777, 'mid': 2114934878, 'count': 0, 'rcount': 0, 'ctime': 1751198880, 'like': 0, 'message': 'è°¢è°¢ä½ çš„æ…·æ…¨ç›¸åŠ©'}"
114763472310225,"{'rpid': 267097596992, 'oid': 267097596992, 'mid': 35554930, 'count': 0, 'rcount': 0, 'ctime': 1751203119, 'like': 0, 'message': 'è°¢è°¢ä½ '}"
114763472310225,"{'rpid': 265970062945, 'oid': 265970062945, 'mid': 1133026258, 'count': 0, 'rcount': 0, 'ctime': 1751175869, 'like': 0, 'message': 'ç¾æƒ…ä¼šè¿‡å»çš„ï¼Œæ¦•æ±Ÿäººæ°‘åŠ æ²¹'}"
114763472310225,"{'rpid': 267032869632, 'oid': 267032869632, 'mid': 28615609, 'count': 0, 'rcount': 0, 'ctime': 1751162669, 'like': 0, 'message': '[æ‰“call]'}"
114763472310225,"{'rpid': 267026321600, 'oid': 267026321600, 'mid': 130973541, 'count': 0, 'rcount': 0, 'ctime': 1751156872, 'like': 0, 'message': 'è¿™æ˜¯è‡ªæ‰“è®°äº‹ä»¥æ¥30å¹´ç¬¬ä¸€æ¬¡é‡ä¸Šä¸€å‘¨2æ¬¡æ´ªæ°´æ·¹æ²¡åŸé•‡'}"
114763472310225,"{'rpid': 267022864992, 'oid': 267022864992, 'mid': 327390702, 'count': 0, 'rcount': 0, 'ctime': 1751152066, 'like': 0, 'message': '[æ”¯æŒ][ç¦åˆ°äº†][ç»™å¿ƒå¿ƒ]'}"
114763472310225,"{'rpid': 265961857025, 'oid': 265961857025, 'mid': 19706463, 'count': 0, 'rcount': 0, 'ctime': 1751171016, 'like': 0, 'message': 'è°¢è°¢upå‘å£°ï¼'}"
114763472310225,"{'rpid': 267026099760, 'oid': 267026099760, 'mid': 31709701, 'count': 0, 'rcount': 0, 'ctime': 1751156726, 'like': 0, 'message': 'è°¢è°¢ä½ å•Š'}"
114763472310225,"{'rpid': 267065279232, 'oid': 267065279232, 'mid': 320854921, 'count': 6, 'rcount': 4, 'ctime': 1751183202, 'like': 0, 'message': 'æ’æ°´ä¸ºå•¥æ’ä¸å‡ºå»'}"
114763472310225,"{'rpid': 266011657297, 'oid': 266011657297, 'mid': 85729781, 'count': 5, 'rcount': 5, 'ctime': 1751202876, 'like': 0, 'message': 'å¤§è¡—ä¸Šè½¦å‰ç›–éƒ½èƒ½éœ²å‡ºæ¥ï¼Œçœ‹ç€è¿˜å¥½'}"
114763472310225,"{'rpid': 265944646913, 'oid': 265944646913, 'mid': 43362996, 'count': 0, 'rcount': 0, 'ctime': 1751158932, 'like': 0, 'message': 'ç»™ä½ æŠ•å¸äº†'}"
114763472310225,"{'rpid': 267050754912, 'oid': 267050754912, 'mid': 319518136, 'count': 0, 'rcount': 0, 'ctime': 1751173628, 'like': 0, 'message': 'æ„Ÿè§‰è¢«é™æµäº†'}"
114763472310225,"{'rpid': 266002682033, 'oid': 266002682033, 'mid': 3546744430266376, 'count': 3, 'rcount': 3, 'ctime': 1751197399, 'like': 0, 'message': 'è¿™ä¸ªupå€¼å¾—é€€[æ‰“call]'}"
114763472310225,"{'rpid': 267022971536, 'oid': 267022971536, 'mid': 14403744, 'count': 0, 'rcount': 0, 'ctime': 1751152198, 'like': 0, 'message': 'ç®€ç›´ææ€–'}"
114646971387117,"{'rpid': 263992628609, 'oid': 263992628609, 'mid': 35535189, 'count': 9, 'rcount': 8, 'ctime': 1749379352, 'like': 72, 'message': 'ä¹Ÿæ˜¯è·Ÿè€çˆ¸è·‘äº†å¾ˆå¤šåœ°æ–¹äº†ï¼Œè¶ä»–è¿˜è·‘çš„åŠ¨å¤šçœ‹çœ‹å¤§ä¸­å›½[å‘²ç‰™]'}"
114646971387117,"{'rpid': 265024991616, 'oid': 265024991616, 'mid': 8026939, 'count': 1, 'rcount': 1, 'ctime': 1749374990, 'like': 68, 'message': 'è¿™è€å“¥çš„ç»å†ç¡®å®è¯ é‡Šäº†ä¸€æŠŠå±äºä»–çš„â€œé“â€ã€‚'}"
114646971387117,"{'rpid': 264014092673, 'oid': 264014092673, 'mid': 456006192, 'count': 2, 'rcount': 2, 'ctime': 1749393007, 'like': 43, 'message': 'æˆ‘ç»ˆäºæƒ³èµ·ä»–æ˜¯è°äº†ï¼Œé‚£ä¸ªåœ¨é’åŸå±±è¿·è·¯çš„å®¶ä¼™ï¼Œæœ€åè¿˜å“­äº†ï¼Œå¯¹é“å®¶æœ‰ç‚¹ç ”ç©¶çš„ã€‚'}"
114646971387117,"{'rpid': 263987932785, 'oid': 263987932785, 'mid': 471764367, 'count': 1, 'rcount': 1, 'ctime': 1749376245, 'like': 43, 'message': 'æœ€åå¥½åƒå¼€åœ¨éæœºåŠ¨è½¦é“ä¸Šï¼Œç½šæ¬¾[ç¬‘å“­]'}"
114646971387117,"{'rpid': 265027535408, 'oid': 265027535408, 'mid': 34397804, 'count': 9, 'rcount': 9, 'ctime': 1749376663, 'like': 33, 'message': 'å¾®ä¿¡é£æ§æ˜¯çœŸçš„ä¸¥'}"
114646971387117,"{'rpid': 265028540064, 'oid': 265028540064, 'mid': 3493104137014000, 'count': 12, 'rcount': 11, 'ctime': 1749377329, 'like': 30, 'message': '1000ä¸€å¤©ï¼Ÿæ¯”ç§Ÿè½¦éƒ½è´µ[ç¬‘å“­]'}"
114646971387117,"{'rpid': 265025993728, 'oid': 265025993728, 'mid': 492666334, 'count': 2, 'rcount': 2, 'ctime': 1749375701, 'like': 20, 'message': 'è¿™è€å“¥å¯èƒ½åœ¨æ³°å›½å¾…è¿‡ï¼Œæ³°å›½æ˜¯æ‘©æ‰˜è½¦å¤©å ‚å‘¢'}"
114646971387117,"{'rpid': 263993054145, 'oid': 263993054145, 'mid': 521554360, 'count': 1, 'rcount': 1, 'ctime': 1749379558, 'like': 13, 'message': 'æ„Ÿè§‰è¿™ä¸ªè€å¤–æœ‰è€å¿ƒï¼ŒæŒºæ²‰ç¨³ï¼Œæœ‰ç‚¹å„¿ä¸ä¸€æ ·[åƒç“œ]'}"
114646971387117,"{'rpid': 265024747632, 'oid': 265024747632, 'mid': 26363435, 'count': 4, 'rcount': 4, 'ctime': 1749374816, 'like': 12, 'message': 'ä¸ºå•¥å…³æ³¨Cä»”ï¼Ÿå› ä¸ºå½“å¹´ä¸Šå­¦æ—¶ä¸ä¼šåšçš„é€‰æ‹©é¢˜ä¸€å¾‹é€‰C[åƒç“œ]'}"
114646971387117,"{'rpid': 265025772880, 'oid': 265025772880, 'mid': 19594710, 'count': 1, 'rcount': 1, 'ctime': 1749375456, 'like': 10, 'message': 'Cä»”ä¸è¦å†å«äººå®¶â€œæ„Ÿæ€§å“¥â€äº†ï¼Œäººå®¶æœ‰ä¸­æ–‡åäº†[doge]'}"
114646971387117,"{'rpid': 263987135793, 'oid': 263987135793, 'mid': 473981060, 'count': 1, 'rcount': 1, 'ctime': 1749375756, 'like': 10, 'message': 'éå¸¸å¥½è§†é¢‘ï¼Œçˆ±æ¥è‡ªæ¸­å—'}"
114646971387117,"{'rpid': 263988224417, 'oid': 263988224417, 'mid': 6850259, 'count': 6, 'rcount': 6, 'ctime': 1749376510, 'like': 9, 'message': 'å‡¯è¶Š500ï¼Œæ‡‚è½¦'}"
114646971387117,"{'rpid': 265208360656, 'oid': 265208360656, 'mid': 3537123040824206, 'count': 1, 'rcount': 1, 'ctime': 1749544746, 'like': 7, 'message': 'è¿™å®¶åº—æˆ‘è¿˜å»é¢è¯•è¿‡ï¼Œå·®ç‚¹æˆ‘å°±æ˜¯è§†é¢‘é‡Œæ‹DYçš„å°å“¥äº†ï¼Œä½†æ˜¯è–ªèµ„å¾…é‡åŒ…æ‹¬å•ä¼‘ç¡®å®ä¸€èˆ¬ï¼Œä¸è¿‡å›½å†…çš„å°ä¼ä¸šå°±æ˜¯è¿™æ ·ï¼Œå°¤å…¶æ˜¯è¿™ç§å¸¦é”€å”®æ€§è´¨çš„..'}"
114646971387117,"{'rpid': 265027600432, 'oid': 265027600432, 'mid': 406791927, 'count': 12, 'rcount': 12, 'ctime': 1749376670, 'like': 7, 'message': '8000éƒ½å¯ä»¥ä¹°ä¸€è¾†æ‘©æ‰˜äº†[åƒç“œ]'}"
114646971387117,"{'rpid': 263990077537, 'oid': 263990077537, 'mid': 3461574809356972, 'count': 2, 'rcount': 2, 'ctime': 1749377668, 'like': 7, 'message': 'çœ‹æ¥åœ¨æ‰«ç ä»˜æ¬¾æ–¹é¢æ”¯ä»˜å®æ¯”å¾®ä¿¡æ›´å‹å¥½å•Š'}"
114646971387117,"{'rpid': 265175139200, 'oid': 265175139200, 'mid': 6969007, 'count': 1, 'rcount': 1, 'ctime': 1749515872, 'like': 4, 'message': 'é™•è¥¿çš„ç§Ÿé‡‘æœ‰ç‚¹è´µå“¦ï¼Œæµå—ç§Ÿè½¦ï¼Œ800MTæ¢é™©ç‰ˆä¸€æ¬¡ç§Ÿä¸€ä¸ªæœˆå·®ä¸å¤šä¸€å¤©ä¸€ç™¾äºŒï¼Œ500Xä¼°è®¡ä¸ƒå…«åä¸€å¤©ã€‚'}"
114646971387117,"{'rpid': 265084101168, 'oid': 265084101168, 'mid': 11646811, 'count': 0, 'rcount': 0, 'ctime': 1749433923, 'like': 4, 'message': 'è¿™å®¶åº—æœ‰å®åŠ›çš„èƒ½ç§Ÿåˆ°å…¬å‡ä»¿èµ›ï¼Œæˆ‘è¿™é‡Œå¥½å‡ å®¶æ‘©æ‰˜ç§Ÿèµåªæœ‰ä¸­å°æ’é‡çš„æ‘©æ‰˜ç§Ÿ'}"
114646971387117,"{'rpid': 265026360016, 'oid': 265026360016, 'mid': 492666334, 'count': 3, 'rcount': 2, 'ctime': 1749375919, 'like': 4, 'message': 'æ”¯ä»˜å®ä¿¡ç”¨å¤Ÿï¼Œä¼°è®¡æŠ¼é‡‘å¯ä»¥å°‘ä»˜'}"
114646971387117,"{'rpid': 265025676544, 'oid': 265025676544, 'mid': 498110311, 'count': 1, 'rcount': 1, 'ctime': 1749375573, 'like': 4, 'message': 'è€å“¥æ˜¯çœŸæ‡‚è½¦'}"
114646971387117,"{'rpid': 263987120225, 'oid': 263987120225, 'mid': 401686396, 'count': 1, 'rcount': 1, 'ctime': 1749375725, 'like': 4, 'message': 'çœ‹å®Œäº†ï¼Œå‚¬æ›´[doge]'}"
114646971387117,"{'rpid': 265027600432, 'oid': 265027600432, 'mid': 406791927, 'count': 12, 'rcount': 12, 'ctime': 1749376670, 'like': 7, 'message': '8000éƒ½å¯ä»¥ä¹°ä¸€è¾†æ‘©æ‰˜äº†[åƒç“œ]'}"
114646971387117,"{'rpid': 265024717744, 'oid': 265024717744, 'mid': 100729, 'count': 1, 'rcount': 1, 'ctime': 1749374868, 'like': 3, 'message': 'éª‘ä¸Šæ‘©æ‰˜å‡ºå‘[doge]'}"
114646971387117,"{'rpid': 264168096657, 'oid': 264168096657, 'mid': 388409988, 'count': 0, 'rcount': 0, 'ctime': 1749547841, 'like': 1, 'message': 'å…³æ³¨ï¼Œå‚¬æ›´'}"
114646971387117,"{'rpid': 265025086544, 'oid': 265025086544, 'mid': 396165733, 'count': 1, 'rcount': 1, 'ctime': 1749375117, 'like': 1, 'message': 'æ¥å’¯'}"
114646971387117,"{'rpid': 263985692177, 'oid': 263985692177, 'mid': 197755977, 'count': 1, 'rcount': 1, 'ctime': 1749374730, 'like': 1, 'message': 'æ¥äº†'}"
114646971387117,"{'rpid': 264003872833, 'oid': 264003872833, 'mid': 512075296, 'count': 0, 'rcount': 0, 'ctime': 1749386795, 'like': 1, 'message': 'è¿™è½¦å¸…çš„[æ˜Ÿæ˜Ÿçœ¼]'}"
114646971387117,"{'rpid': 265350092625, 'oid': 265350092625, 'mid': 403753596, 'count': 0, 'rcount': 0, 'ctime': 1750613890, 'like': 0, 'message': 'è´µäº†ï¼Œå•è¯´æ‘©æ‰˜çš„è¯3wå·¦å³çš„è½¦ä¸€å¤©80ï½120è¿˜è¡Œã€‚è¦æ˜¯å’Œæ±½è½¦æ¯”æ›´è´µï¼Œ10æ¥wçš„æ±½è½¦ä¸€å¤©ä¹Ÿå°±100å·¦å³ã€‚'}"
114646971387117,"{'rpid': 266074707168, 'oid': 266074707168, 'mid': 27094202, 'count': 0, 'rcount': 0, 'ctime': 1750330387, 'like': 0, 'message': 'é“å“¥å„¿ï¼Œé“å“¥å„¿æ¥å•¦'}"
114646971387117,"{'rpid': 265237654929, 'oid': 265237654929, 'mid': 2186566, 'count': 0, 'rcount': 0, 'ctime': 1750520288, 'like': 0, 'message': 'æŒºæœ‰æ„æ€çš„ï¼Œæ„Ÿè°¢æ¬è¿ã€ç¿»è¯‘ä¼˜è´¨åšä¸»[æ”¯æŒ]'}"
114646971387117,"{'rpid': 263989038353, 'oid': 263989038353, 'mid': 1464239376, 'count': 2, 'rcount': 2, 'ctime': 1749377038, 'like': 1, 'message': 'å¥½ä¹…ä¸è§å‘€'}"
114646971387117,"{'rpid': 263991354513, 'oid': 263991354513, 'mid': 10647672, 'count': 0, 'rcount': 0, 'ctime': 1749378548, 'like': 1, 'message': 'æœ‰é’±ï¼Œå…‰ç§Ÿé‡‘éƒ½500åˆ€'}"
114646971387117,"{'rpid': 265299595728, 'oid': 265299595728, 'mid': 402714416, 'count': 0, 'rcount': 0, 'ctime': 1749632136, 'like': 0, 'message': 'è¿™å°å­ä¸é”™å•Š'}"
114646971387117,"{'rpid': 265307481792, 'oid': 265307481792, 'mid': 527583836, 'count': 0, 'rcount': 0, 'ctime': 1749637827, 'like': 0, 'message': '[doge_é‡‘ç®]\xa0ä¸‹æœŸä»€ä¹ˆæ—¶å€™å‡ºå“‡ï¼Œæ¿€åŠ¨'}"
114646971387117,"{'rpid': 265108593456, 'oid': 265108593456, 'mid': 8583033, 'count': 0, 'rcount': 0, 'ctime': 1749452191, 'like': 0, 'message': 'è¿™è€å“¥æ— æ„ä¸­åˆå¼€è¾Ÿäº†ä¸€æ¡æ–°èµ›é“äº†[å–œæè€Œæ³£]'}"
114646971387117,"{'rpid': 264041236689, 'oid': 264041236689, 'mid': 651866978, 'count': 0, 'rcount': 0, 'ctime': 1749431396, 'like': 0, 'message': 'å¤§éƒ¨åˆ†æ¬§æ´²å›½å®¶éƒ½æ˜¯å·¦é©¾çš„ï¼Œå¯¹ä¸­å›½å¼€è½¦å¾ˆå¿«å°±ä¹ æƒ¯'}"
114646971387117,"{'rpid': 265062441792, 'oid': 265062441792, 'mid': 311133901, 'count': 0, 'rcount': 0, 'ctime': 1749398531, 'like': 0, 'message': 'æƒæ¸¸æƒ…ä¾£å‡ºå¢ƒäº†å—ï¼Ÿä¸æ›´äº†[ç¬‘å“­]'}"
114646971387117,"{'rpid': 264022060401, 'oid': 264022060401, 'mid': 98421085, 'count': 10, 'rcount': 8, 'ctime': 1749398136, 'like': 1, 'message': 'ä¸å¦‚ä¹°ä¸€è¾†ç„¶åéª‘åˆ°å“ªé‡Œå†è½¬å–ï¼Œä¼°è®¡ä¹Ÿæ¯”è¿™ä¾¿å®œ'}"
114646971387117,"{'rpid': 265067501056, 'oid': 265067501056, 'mid': 431120, 'count': 0, 'rcount': 0, 'ctime': 1749402938, 'like': 0, 'message': 'æå®¶é“è¿™åå­—è¿˜çœŸä¸é”™ï¼Œé€‚åˆä»–'}"
114646971387117,"{'rpid': 265036083536, 'oid': 265036083536, 'mid': 443329623, 'count': 0, 'rcount': 0, 'ctime': 1749382041, 'like': 0, 'message': 'é‡‘æ±‰è‰¯çš„è¿˜ä¸æ›´[ç”Ÿæ°”]'}"
114646971387117,"{'rpid': 264041236689, 'oid': 264041236689, 'mid': 651866978, 'count': 0, 'rcount': 0, 'ctime': 1749431396, 'like': 0, 'message': 'å¤§éƒ¨åˆ†æ¬§æ´²å›½å®¶éƒ½æ˜¯å·¦é©¾çš„ï¼Œå¯¹ä¸­å›½å¼€è½¦å¾ˆå¿«å°±ä¹ æƒ¯'}"
114646971387117,"{'rpid': 264012128625, 'oid': 264012128625, 'mid': 44387059, 'count': 0, 'rcount': 0, 'ctime': 1749391841, 'like': 0, 'message': 'å–œæ¬¢çœ‹è¿™æ ·çš„æ—…è¡Œupï¼[å–œæ¬¢]'}"
114646971387117,"{'rpid': 264005363553, 'oid': 264005363553, 'mid': 360872, 'count': 0, 'rcount': 0, 'ctime': 1749387715, 'like': 0, 'message': 'å‡¯è¶Š525æ˜¯å¥½è½¦'}"
